before,after,type
아인슈페너,아인슈페너,Noun
아인슈폐너,아인슈페너,Noun
아인슈페너맛집,아인슈페너,Noun
슈페너,아인슈페너,Noun
슈패너,아인슈페너,Noun
슈폐너,아인슈페너,Noun
아인슈패너,아인슈페너,Noun
아메리카노,아메리카노,Noun
아메,아메리카노,Noun
아아메,아메리카노,Noun
아이스아메리카노,아메리카노,Noun
아이스 아메리카노,아메리카노,Noun
뜨아,아메리카노,Noun
뜨아메,아메리카노,Noun
아이스 커피,아메리카노,Noun
아이스커피,아메리카노,Noun
얼죽아,아메리카노,Noun
도넛,도넛,Noun
도너츠,도넛,Noun
도나스,도넛,Noun
도넛츠,도넛,Noun
애프터눈 티,애프터눈티,Noun
애프터눈티,애프터눈티,Noun
에프터눈티,애프터눈티,Noun
에프터눈 티,애프터눈티,Noun
에프터눈티세트,애프터눈티,Noun
비쥬얼,비쥬얼,Noun
비주얼,비쥬얼,Noun
시그니처,시그니쳐,Noun
시그니쳐,시그니쳐,Noun
인스타,인스타그램,Noun
인서타,인스타그램,Noun
인스타그램,인스타그램,Noun
인슽하,인스타그램,Noun
인스타감성,인스타감성,Noun
인스타 감성,인스타감성,Noun
인슽하감성,인스타감성,Noun
인슽하갬성,인스타감성,Noun
인스타 갬성,인스타감성,Noun
인스타갬성,인스타감성,Noun
인슽하 갬성,인스타감성,Noun
테이크 아웃,테이크아웃,Noun
테이크아웃,테이크아웃,Noun
테잌아웃,테이크아웃,Noun
키오스크,키오스크,Noun
그릭 요거트,그릭요거트,Noun
그릭요거트,그릭요거트,Noun
카페트,카펫,Noun
카펫,카펫,Noun
티라미스,티라미슈,Noun
티라미슈,티라미슈,Noun
티라미수,티라미슈,Noun
케잌,케이크,Noun
케익,케이크,Noun
케이크,케이크,Noun
아보카도,아보카도,Noun
레몬에이드,레몬에이드,Noun
레모네이드,레몬에이드,Noun
레몬 에이드,레몬에이드,Noun
에이드,에이드,Noun
쇼파,쇼파,Noun
소파,쇼파,Noun
카롱,마카롱,Noun
마카롱,마카롱,Noun
콤달콤,새콤달콤,Adjective
상콤달콤,새콤달콤,Adjective
새콤달콤,새콤달콤,Adjective
애프터눈티,애프터눈티,Noun
애프터눈 티,애프터눈티,Noun
앤틱,앤틱,Adjective
엔틱,앤틱,Adjective
싸이렌오더,싸이렌오더,Noun
사이렌 오더,싸이렌오더,Noun
사이렌오더,싸이렌오더,Noun
싸이렌 오더,싸이렌오더,Noun
렌오더,싸이렌오더,Noun
갬성샷,감성샷,Noun
갬성 샷,감성샷,Noun
밀크쉐이크,밀크쉐이크,Noun
밀크셰이크,밀크쉐이크,Noun
머스터드,머스타드,Noun
머스타드,머스타드,Noun
토마토주스,토마토주스,Noun
토마토 주스,토마토주스,Noun
콜드 브루,콜드브루,Noun
브루잉,브루잉,Noun
카페인,카페인,Noun
디카페인,디카페인,Noun
디 카페인,디카페인,Noun
쉐이크,쉐이크,Noun
비쥬얼,비주얼,Noun
비주얼,비주얼,Noun
토마토소스,토마토소스,Noun
토마토 소스,토마토소스,Noun
모닝 커피,모닝커피,Noun
모닝커피,모닝커피,Noun
다쿠와즈,다쿠와즈,Noun
다쿠아즈,다쿠와즈,Noun
여름 밤,여름밤,Noun
여름밤,여름밤,Noun
아포카토,아포가토,Noun
아포가토,아포가토,Noun
태블릿,태블릿,Noun
테블릿,태블릿,Noun
소듕,소중,Noun
소중,소중,Noun
크럼블,크럼블,Noun
크로플,크로플,Noun
카펫,카페트,Noun
개존맛,존맛,Adjective
개꿀맛,존맛,Adjective
존맛,존맛,Adjective
꿀맛,존맛,Adjective
핵꿀맛,존맛,Adjective
핵존맛,존맛,Adjective
탄산음료,탄산음료,Noun
탄산 음료,탄산음료,Noun
크리스마스 트리,크리스마스트리,Noun
크리스마스트리,크리스마스트리,Noun
카페살레,카페살레,Noun
카페 살레,카페살레,Noun
커피젤리,커피젤리,Noun
커피 젤리,커피젤리,Noun
에티오피아,에티오피아,Noun
에디오피아,에티오피아,Noun
이디오피아,에티오피아,Noun
어두운,어둡다,Adjective
텀블러,텀블러,Noun
토피 넛 라떼,토피넛라떼,Noun
토피넛라떼,토피넛라떼,Noun
토피넛 라떼,토피넛라떼,Noun
토피몬드,토피몬드,Noun
코코넛,코코넛,Noun
코코아,코코아,Noun
핑크핑크,핑크핑크,Adjective
핑쿠핑쿠,핑크핑크,Adjective
블러그,콘센트,Noun
멀티탭,콘센트,Noun
플러그,콘센트,Noun
결혼기념일,결혼기념일,Noun
결혼 기념일,결혼기념일,Noun
버터빵,버터빵,Noun
버터 빵,버터빵,Noun
식품 첨가물,식품첨가물,Noun
식품첨가물,식품첨가물,Noun
헤이즐넛,헤이즐넛,Noun
헤이즐럿,헤이즐넛,Noun
라떼,라떼,Noun
라테,라떼,Noun
귀욤귀염,귀염귀염,Adjective
귀염귀염,귀염귀염,Adjective
자몽주스,자몽주스,Noun
자몽 쥬스,자몽주스,Noun
자몽쥬스,자몽주스,Noun
자몽 주스,자몽주스,Noun
제로페이,제로페이,Noun
버터스카치,버터스카치,Noun
버터 스카치,버터스카치,Noun
초코케익,초코케이크,Noun
초코 케익,초코케이크,Noun
초코케이크,초코케이크,Noun
초코 케이크,초코케이크,Noun
초콜릿케이크,초코케이크,Noun
초콜릿 케이크,초코케이크,Noun
래트로,레트로,Noun
애플파이,애플파이,Noun
애플 파이,애플파이,Noun
백화점,백화점,Noun
오미자차,오미자차,Noun
오미자 차,오미자차,Noun
올리브 오일,올리브오일,Noun
올리브오일,올리브오일,Noun
리코타치즈,리코타치즈,Noun
리코타 치즈,리코타치즈,Noun
누텔,누텔라,Noun
레드벨벳,레드벨벳,Noun
레드밸벳,레드벨벳,Noun
레드 벨벳,레드벨벳,Noun
아이스팩,아이스팩,Noun
아이스 팩,아이스팩,Noun
카브리즈,카브리즈,Noun
소금빵,소금빵,Noun
소금 빵,소금빵,Noun
페스트리,페스츄리,Noun
페스츄리,페스츄리,Noun
패스트리,페스츄리,Noun
페이스트리,페스츄리,Noun
페이스츄리,페스츄리,Noun
패스츄리,페스츄리,Noun
디저트,디저트,Noun
디져트,디저트,Noun
음식사진,음식사진,Noun
음식 사진,음식사진,Noun
피크타임,피크타임,Noun
피크 타임,피크타임,Noun
애완동물,애완동물,Noun
애완 동물,애완동물,Noun
반려동물,애완동물,Noun
반려 동물,애완동물,Noun
강아지,애완동물,Noun
고양이,애완동물,Noun
개,애완동물,Noun
마스카포네,마스카포네,Noun
로스터리,로스팅,Noun
로스팅,로스팅,Noun
로스터스,로스팅,Noun
로스터즈,로스팅,Noun
로스트,로스팅,Noun
콜드브루,콜드브루,Noun
콜드블루,콜드브루,Noun
추출,콜드브루,Noun
콜드 브류,콜드브루,Noun
콜드 브루,콜드브루,Noun
원액,콜드브루,Noun
겉바속촉,겉바속촉,Noun
겉바속촉,겉바속촉,Noun
겉바,겉바속촉,Noun
겉바속쫀,겉바속촉,Noun
겉바삭,겉바속촉,Noun
겉은바삭,겉바속촉,Noun
다이어트 식단,다이어트식단,Noun
다이어트식단,다이어트식단,Noun
까놀레,까놀레,Noun
까눌레,까놀레,Noun
까놀래,까놀레,Noun
카놀래,까놀레,Noun
추러스,츄러스,Noun
츄러스,츄러스,Noun
브금,bgm,Noun
bgm,bgm,Noun
웨이팅,웨이팅,Noun
생과일주스,과일주스,Noun
과일주스,과일주스,Noun
과일 주스,과일주스,Noun
주스,과일주스,Noun
오픈런,오픈런,Noun
오픈 런,오픈런,Noun
마끼야또,마끼야또,Noun
마끼야토,마끼야또,Noun
꽈배기,꽈배기,Noun
빈티지,빈티지,Adjective
레트,레트로,Adjective
옛날,레트로,Adjective
빈티지,레트로,Adjective
레트로,레트로,Adjective
아날로그,레트로,Adjective
소보루빵,소보루빵,Noun
소보루 빵,소보루빵,Noun
소보로빵,소보루빵,Noun
소보로 빵,소보루빵,Noun
드립 커피,드립커피,Noun
드립 커피,드립커피,Noun
핸드 드립,드립커피,Noun
핸드드립,드립커피,Noun
그라니타,그라니타,Noun
그라니따,그라니타,Noun
크루아상,크로와상,Noun
크롸상,크로와상,Noun
크로아상,크로와상,Noun
크로와상,크로와상,Noun
크루와상,크로와상,Noun
스모어,스모어,Noun
와인 잔,와인잔,Noun
와인잔,와인잔,Noun
아바라,아이스 바닐라 라떼,Noun
아이스 바닐라 라떼,아이스 바닐라 라떼,Noun
버터 빵,버터빵,Noun
버터빵,버터빵,Noun
샤인 머스켓,샤인머스켓,Noun
샤인머스켓,샤인머스켓,Noun
샤인머스캣,샤인머스켓,Noun
샤인 머스캣,샤인머스켓,Noun
버블 티,버블티,Noun
버블티,버블티,Noun
크림브륄레,크림브륄레,Noun
크림 브륄레,크림브륄레,Noun
크림 브릴레,크림브륄레,Noun
크림브륄래,크림브륄레,Noun
컵 케이크,컵케이크,Noun
컵케잌,컵케이크,Noun
컵 케잌,컵케이크,Noun
컵 케익,컵케이크,Noun
아침밥,아침밥,Noun
아침 밥,아침밥,Noun
브렉퍼스트,아침밥,Noun
브런치,아침밥,Noun
브랙퍼스트,아침밥,Noun
크랜베리,크랜베리,Noun
크렌베리,크랜베리,Noun
민초,민트초코,Noun
민쵸,민트초코,Noun
민트 초코,민트초코,Noun
민초파,민트초코,Noun
레몬에이드,레몬에이드,Noun
레몬 에이드,레몬에이드,Noun
레모네이드,레몬에이드,Noun
바스크 치즈 케이크,치즈케이크,Noun
바스크 치즈케이크,치즈케이크,Noun
치즈 케이크,치즈케이크,Noun
치즈케이크,치즈케이크,Noun
치즈케잌,치즈케이크,Noun
치즈 케잌,치즈케이크,Noun
바스크케이크,치즈케이크,Noun
바스크 케이크,치즈케이크,Noun
치즈볼,치즈볼,Noun
치즈볼,치즈볼,Noun
에그타르트,에그타르트,Noun
에그 타르트,에그타르트,Noun
애그 타르트,에그타르트,Noun
애그 타르트,에그타르트,Noun
크레이프,크레페,Noun
크레페,크레페,Noun
크래패,크레페,Noun
마들렌,마들렌,Noun
마들랜,마들렌,Noun
휘핑,휘핑크림,Noun
휘핑 크림,휘핑크림,Noun
휘핑크림,휘핑크림,Noun
마끼야또,마끼아또,Noun
마끼아또,마끼아또,Noun
마키아또,마끼아또,Noun
마키야토,마끼아또,Noun
마끼아토,마끼아또,Noun
마까야토,마끼아또,Noun
덜달고,덜달다,Adjective
덜달게,덜달다,Adjective
덜달,덜달다,Adjective
감칠 맛,감칠맛,Noun
감칠맛,감칠맛,Noun
파티셰,파티쉐,Noun
파티쉐,파티쉐,Noun
아이스밀크,아이스밀크,Noun
아이스 밀크,아이스밀크,Noun
플리,플레이리스트,Noun
플레이리스트,플레이리스트,Noun
루꼴라,루꼴라,Noun
스타일,스타일,Noun
스퇄,스타일,Noun
레드 와인,레드와인,Noun
레드와인,레드와인,Noun
칼퇴,퇴근,Noun
퇴근,퇴근,Noun
감덩,감동,Adjective
감동,감동,Adjective
망리단,망리단길,Noun
바게트,바게트,Noun
바게뜨,바게트,Noun
트렌드,트랜드,Noun
트랜드,트랜드,Noun
리유저블컵,리유저블컵,Noun
인조잔디,인조잔디,Noun
인조 잔디,인조잔디,Noun
유리 잔,유리잔,Noun
유리잔,유리잔,Noun
애피타이저,에피타이저,Noun
에피타이저,에피타이저,Noun
유자차,유자차,Noun
유자 차,유자차,Noun
수프,스프,Noun
스튜,스프,Noun
스프,스프,Noun
인증샷,인증샷,Noun
인증 샷,인증샷,Noun
인증사진,인증샷,Noun
포토존,인증샷,Noun
인증 사진,인증샷,Noun
콘푸로스트,콘푸로스트,Noun
장식,장식품,Noun
장식품,장식품,Noun
쿠키,비스켓,Noun
쿠기,비스켓,Noun
비스킷,비스켓,Noun
비스켓,비스켓,Noun
샹들리에,샹들리에,Noun
샌드 위치,샌드위치,Noun
샌드위치,샌드위치,Noun
캐모마일,캐모마일,Noun
카모마일,캐모마일,Noun
캬라멜,카라멜,Noun
카라멜,카라멜,Noun
캐러멜,카라멜,Noun
카랴멜,카라멜,Noun
캐러맬,카라멜,Noun
캬랴멜,카라멜,Noun
캬랴맬,카라멜,Noun
카라맬,카라멜,Noun
카랴맬,카라멜,Noun
캬라맬,카라멜,Noun
프라푸치노,프라푸치노,Noun
프라프치노,프라푸치노,Noun
프라포치노,프라푸치노,Noun
프라푸치노,프라푸치노,Noun
스트로베리,딸기,Noun
딸기,딸기,Noun
카스테라,카스텔라,Noun
카스텔라,카스텔라,Noun
수플레,수플레,Noun
수플래,수플레,Noun
얼그레이,얼그레이,Noun
크렘브륄레,크림브륄레,Noun
크렘브륄레원,크림브륄레,Noun
하트시그널,하트시그널,Noun
하트 시그널,하트시그널,Noun
사람 많다,사람많다,Adjective
사람 많다,사람많다,Adjective
사람 없,사람없다,Adjective
사람 없다,사람없다,Adjective
종류 많,다양,Noun
일하,작업,Noun
남자친구,남자친구,Noun
남자 친구,남자친구,Noun
여자 친구,여자친구,Noun
여자친구,여자친구,Noun
콩포트,콩포트,Noun
타이거슈가,del,Noun
타이거 슈가,del,Noun
런던 베이글,del,Noun
런던베이글,del,Noun
가래 떡,가래떡,Noun
닭 가슴,닭가슴,Noun
닭가슴,닭가슴,Noun
가오픈,가오픈,Noun
감칠맛,감칠맛,Noun
감칠 맛,감칠맛,Noun
환승연애,환승연애,Noun
환승 연애,환승연애,Noun
쌀로만,쌀로만,Noun
화이트데이,화이트데이,Noun
화이트 데이,화이트데이,Noun
에티오피아,에티오피아,Noun
뚱카롱,마카롱,Noun
아메리칸,아메리칸,Noun
1리터,1리터,Noun
에디오피아,에티오피아,Noun
입짧은햇님,입짧은햇님,Noun
입짧은 햇님,입짧은햇님,Noun
유튜버 햇님,입짧은햇님,Noun
유튜버햇님,입짧은햇님,Noun
시티뷰,시티뷰,Noun
시티 뷰,시티뷰,Noun
오션뷰,오션뷰,Noun
오션뷰,오션뷰,Noun
바다 뷰,오션뷰,Noun
바다뷰,오션뷰,Noun
마운틴 뷰,마운틴뷰,Noun
마운틴뷰,마운틴뷰,Noun
기대만빵,기대만빵,Noun
기대 만빵,기대만빵,Noun
맛 없,맛없다,Noun
플랫화이트,플랫화이트,Noun
플랫 화이트,플랫화이트,Noun
커피 머신,커피머신,Noun
커피머신,커피머신,Noun
루프탑,루프탑,Noun
루프 탑,루프탑,Noun
대중 교통,대중교통,Noun
instagram 사진 동영상,del,Noun
재방문,재방문,Noun
재 방문,재방문,Noun
사장님,사장,Noun
사장,사장,Noun
수프리모,수프리모,Noun
케냐,케냐,Noun
코스타리카,코스타리카,Noun
아라비카,아라비카,Noun
밀크티,밀크티,Noun
바닐라 쉐이크,바닐라쉐이크,Noun
바닐라쉐이크,바닐라쉐이크,Noun
낭시,휘낭시에,Noun
